<?xml version="1.0" encoding="UTF-8"?>
<project-private xmlns="http://www.netbeans.org/ns/project-private/1">
    <editor-bookmarks xmlns="http://www.netbeans.org/ns/editor-bookmarks/2" lastBookmarkId="0"/>
    <open-files xmlns="http://www.netbeans.org/ns/projectui-open-files/2">
        <group>
            <file>file:/C:/Users/Giovanni/Desktop/Projetonterdiciplinar/PI%2005-23-2017/PI/PI-war/web/home.jsp</file>
            <file>file:/C:/Users/Giovanni/Desktop/Projetonterdiciplinar/PI%2005-23-2017/PI/PI-war/web/cadastro.jsp</file>
            <file>file:/C:/Users/Giovanni/Desktop/Projetonterdiciplinar/PI%2005-23-2017/PI/PI-war/web/erro.jsp</file>
            <file>file:/C:/Users/Giovanni/Desktop/Projetonterdiciplinar/PI%2005-23-2017/PI/PI-war/src/java/com/br/pi/controller/command/AfiliarCommand.java</file>
            <file>file:/C:/Users/Giovanni/Desktop/Projetonterdiciplinar/PI%2005-23-2017/PI/PI-war/web/index.jsp</file>
        </group>
    </open-files>
</project-private>
