<?xml version="1.0" encoding="UTF-8"?>
<project-private xmlns="http://www.netbeans.org/ns/project-private/1">
    <editor-bookmarks xmlns="http://www.netbeans.org/ns/editor-bookmarks/2" lastBookmarkId="0"/>
    <open-files xmlns="http://www.netbeans.org/ns/projectui-open-files/2">
        <group>
            <file>file:/C:/Users/Pedro/OneDrive/Documentos/Projeto%20Interdisciplinar/Interdisciplinar/Interdisciplinar-war/src/java/com/br/pi/controller/command/ContratoCommand.java</file>
            <file>file:/C:/Users/Pedro/OneDrive/Documentos/Projeto%20Interdisciplinar/Interdisciplinar/Interdisciplinar-war/web/home.jsp</file>
        </group>
    </open-files>
</project-private>
